release_date,title,speaker
1996-06-26,Supervision of bank sales practices,"Governor Edward W. Kelley, Jr."
1996-07-17,"""Prime bank"" schemes","Herbert A. Biern, Deputy Associate Director, Division of Banking Supervision and Regulation"
1996-07-18,The Federal Reserve's semiannual monetary report,Chairman Alan Greenspan
1996-07-24,Trends in consumer lending,Governor Janet L. Yellen
1996-07-26,Recent reports on Federal Reserve operations,Chairman Alan Greenspan
1996-09-12,Trends in consumer lending,Governor Lawrence B. Lindsey
1996-09-18,Implications of trading losses by Sumitomo Corp.,Governor Susan M. Phillips
1997-01-21,"January 21, 1997",Chairman Alan Greenspan
1997-01-30,The comsumer price index,Chairman Alan Greenspan
1997-02-13,Modernization of the financial system,Chairman Alan Greenspan
1997-02-26,The Federal Reserve's semiannual monetary policy report,Chairman Alan Greenspan
1997-03-04,Bias in the consumer price index,Chairman Alan Greenspan
1997-03-19,Supervision of banking organizations,Chairman Alan Greenspan
1997-03-20,Restrictions on securities underwriting and dealing,Governor Susan M. Phillips
1997-03-20,Performance of the U.S. economy,Chairman Alan Greenspan
1997-04-15,Reform of derivatives regulations under the Commodity Exchange Act,Governor Susan M. Phillips
1997-05-22,"H.R. 10, the Financial Services Competitiveness Act of 1997",Chairman Alan Greenspan
1997-07-15,Disclosure requirements for home mortgage loans,Governor Laurence H. Meyer
1997-07-17,The Financial Services Competition Act of 1997,Chairman Alan Greenspan
1997-07-22,The Federal Reserve's semiannual monetary policy report,Chairman Alan Greenspan
1997-07-23,Appropriate monetary policy and the strong economy,Vice Chair Alice M. Rivlin
1997-07-23,Conduct of monetary policy,Governor Laurence H. Meyer
1997-07-29,The Government Performance and Results Act,Vice Chair Alice M. Rivlin
1997-07-30,Y2K and Federal Reserve readiness,"Governor Edward W. Kelley, Jr."
1997-09-16,Role of the Federal Reserve in the payment system,Vice Chair Alice M. Rivlin
1997-09-24,"Debit cards and unsolicited ""loan checks""",Governor Laurence H. Meyer
1997-10-01,FASB proposals for derivatives and risk management,Governor Susan M. Phillips
1997-10-01,New-design $50 notes and quality assurance,"Theodore Allison, Assistant to the Board for Federal Reserve System Affairs"
1997-10-08,Economic and budgetary outlook,Chairman Alan Greenspan
1997-10-08,The Federal Reserve's supervisory processes,Governor Susan M. Phillips
1997-10-21,"H.R. 2637, the United States $1 Coin Act of 1997","Theodore Allison, Assistant to the Board for Federal Reserve System Affairs"
1997-10-29,Turbulence in world financial markets,Chairman Alan Greenspan
1997-11-04,Y2K readiness and the banking industry,"Governor Edward W. Kelley, Jr."
1997-11-13,The growing international financial system,Chairman Alan Greenspan
1997-11-20,Social security,Chairman Alan Greenspan
1998-01-29,The current fiscal situation,Chairman Alan Greenspan
1998-01-29,Circuit breakers for equity-related markets,Governor Susan M. Phillips
1998-01-30,The current Asia crisis and the dynamics of international finance,Chairman Alan Greenspan
1998-02-12,The current Asian crisis and the dynamics of international finance,Chairman Alan Greenspan
1998-02-24,The Federal Reserve's semiannual report on economic conditions and the conduct of monetary policy,Chairman Alan Greenspan
1998-03-03,The payment of interest on demand deposits and on required reserve balances,Governor Laurence H. Meyer
1998-03-03,The current Asian crisis,Chairman Alan Greenspan
1998-03-04,Coming budgetary challenges,Chairman Alan Greenspan
1998-03-10,"S. 1405, the Financial Regulatory Relief and Economic Efficiency Act of 1997",Governor Laurence H. Meyer
1998-04-20,The allocation of the economy's resources between Medicare and competing needs,Chairman Alan Greenspan
1998-04-28,The Federal Reserve's efforts to address the Year 2000 computer problem,"Governor Edward W. Kelley, Jr."
1998-04-29,Improving the consumer price index,Governor Edward M. Gramlich
1998-04-29,Mergers and acquisitions in banking and other financial services,Governor Laurence H. Meyer
1998-05-21,The current Asian crisis and the financial resources of the IMF,Chairman Alan Greenspan
1998-06-03,Mergers and acquisitions in banking and other financial services,Governor Laurence H. Meyer
1998-06-04,Implications of developments in electronic commerce,"Governor Roger W. Ferguson, Jr."
1998-06-10,Application of the Commodity Exchange Act to transactions in over-the-counter derivatives,Board of Governors of the Federal Reserve System
1998-06-10,An update on economic conditions in the United States,Chairman Alan Greenspan
1998-06-11,Anti-money-laundering efforts and related proposed legislation,"Herbert A. Biern, Associate Director, Division of Banking Supervision and Regulation"
1998-06-16,The effects of mergers,Chairman Alan Greenspan
1998-06-17,"H.R. 10, the Financial Services Act of 1998",Chairman Alan Greenspan
1998-07-16,Comment on a draft banking regulatory relief bill,Governor Laurence H. Meyer
1998-07-17,Reforms in the Truth in Lending Act and the Real Estate Settlement Procedures Act,Governor Edward M. Gramlich
1998-07-24,The regulation of OTC derivatives,Chairman Alan Greenspan
1998-07-24,The Federal Reserve's midyear report on monetary policy,Chairman Alan Greenspan
1998-07-30,The Commodity Exchange Act and OTC derivatives,Chairman Alan Greenspan
1998-09-09,Social security reform,Governor Edward M. Gramlich
1998-09-16,International economic and financial system,Chairman Alan Greenspan
1998-09-17,Year 2000 progress of the banking and financial services sector,"Governor Edward W. Kelley, Jr."
1998-09-23,The crisis in emerging market economies,Chairman Alan Greenspan
1998-10-01,"Private-sector refinancing of the large hedge fund, Long-Term Capital Management","William J. McDonough, President, Federal Reserve Bank of New York"
1998-10-01,"Private-sector refinancing of the large hedge fund, Long-Term Capital Management",Chairman Alan Greenspan
1998-10-08,Overall impact of euro banknotes on the demand for U.S. currency,"Theodore E. Allison, Assistant to the Board for Federal Reserve System Affairs"
1998-12-16,Progress report by the President's Working Group on Financial Markets,"Patrick M. Parkinson, Associate Director, Division of Research and Statistics"
1999-01-20,State of the economy,Chairman Alan Greenspan
1999-01-28,Social security,Chairman Alan Greenspan
1999-02-09,The budget surplus and social security,Governor Edward M. Gramlich
1999-02-11,H.R. 10 and the need for financial reform,Chairman Alan Greenspan
1999-02-23,The budget surplus and social security,Governor Edward M. Gramlich
1999-02-23,Need for financial modernization,Chairman Alan Greenspan
1999-02-23,The Federal Reserve's semiannual report on monetary policy,Chairman Alan Greenspan
1999-02-25,Service credit under the federal employees retirement system,"Governor Edward W. Kelley, Jr."
1999-03-03,On investing the social security trust fund in equities,Chairman Alan Greenspan
1999-03-04,"Proposed ""Know Your Customer"" regulation","Richard A. Small, Assistant Director, Division of Banking Supervision and Regulation"
1999-03-18,The proposed Bankruptcy Reform Act of 1999,"Oliver Ireland, Associate General Counsel, Board of Governors of the Federal Reserve System"
1999-03-24,Hedge funds,Governor Laurence H. Meyer
1999-03-24,Hedge funds,"William J. McDonough, President, Federal Reserve Bank of New York"
1999-03-25,"On H.R. 3150, the Bankruptcy Reform Act of 1998",Governor Edward M. Gramlich
1999-04-13,Year 2000 progress,"Governor Edward W. Kelley, Jr."
1999-04-20,Veterans' benefit payments and Y2K,"Kenneth Buckley, Assistant Director, Division of Reserve Bank Operations and Payment Systems"
1999-04-20,Reporting requirements under the Bank Secrecy Act,"Richard A. Small, Assistant Director, Division of Banking Supervision and Regulation"
1999-04-28,H.R. 10 and financial modernization,Chairman Alan Greenspan
1999-05-06,"Hedge funds, leverage, and the lessons of Long-Term Capital Management","Patrick M. Parkinson, Associate Director, Division of Research and Statistics"
1999-05-12,Comments on H.R. 1585 and regulatory streamlining,Governor Laurence H. Meyer
1999-05-18,On modernization of the Commodity Exchange Act,"Patrick M. Parkinson, Associate Director, Division of Research and Statistics"
1999-05-20,Efforts to improve the architecture of the international financial system,Chairman Alan Greenspan
1999-06-14,High-tech industry in the U.S. economy,Chairman Alan Greenspan
1999-06-16,Loan-loss reserves,Governor Laurence H. Meyer
1999-06-17,Monetary policy and the economic outlook,Chairman Alan Greenspan
1999-07-21,Financial privacy issues,Governor Edward M. Gramlich
1999-07-22,The Federal Reserve's semiannual report on monetary policy,Chairman Alan Greenspan
1999-11-10,Vulnerability of private banking to money laundering activities,"Richard A. Small, Assistant Director, Division of Banking Supervision and Regulation"
2000-01-26,On nomination to fourth term as Chairman,Chairman Alan Greenspan
2000-02-08,1999 banking failures,Governor Laurence H. Meyer
2000-02-10,Over-the-counter derivatives,Chairman Alan Greenspan
2000-02-17,The Federal Reserve's semiannual report on the economy and monetary policy,Chairman Alan Greenspan
2000-03-27,General revenue transfers for social security and Medicare,Chairman Alan Greenspan
2000-03-28,Distribution of coin and currency,"Louise L. Roseman, Director, Division of Reserve Bank Operations and Payment Systems"
2000-04-11,Hedge funds and over-the-counter derivatives,"Patrick M. Parkinson, Associate Director, Division of Research and Statistics"
2000-04-13,Evolution of our equity markets,Chairman Alan Greenspan
2000-05-03,Payment of interest on reserves and Fed surplus,Governor Laurence H. Meyer
2000-05-18,"The ""I Love You"" computer virus and the financial services industry","Stephen R. Malphrus, Staff Director for Management"
2000-05-24,Predatory lending practices,Governor Edward M. Gramlich
2000-06-12,"H.R. 4541, the Commodity Futures Modernization Act of 2000","Patrick M. Parkinson, Associate Director, Division of Research and Statistics"
2000-06-13,Capital markets in the new economy and proposed merchant banking rules,Governor Laurence H. Meyer
2000-06-14,"H.R. 4541, the Commodity Futures Modernization Act of 2000","Patrick M. Parkinson, Associate Director, Division of Research and Statistics"
2000-06-21,"S. 2697, the Commodity Futures Modernization Act of 2000",Chairman Alan Greenspan
2000-07-19,"H.R. 4541, the Commodity Futures Modernization Act of 2000","Patrick M. Parkinson, Associate Director, Division of Research and Statistics"
2000-07-20,The Federal Reserve's report on monetary policy,Chairman Alan Greenspan
2000-09-13,Proposed auditor independence rules,Governor Laurence H. Meyer
2000-09-21,The economic importance of improving math-science education,Chairman Alan Greenspan
2001-01-25,Outlook for the federal budget and implications for fiscal policy,Chairman Alan Greenspan
2001-02-13,Federal Reserve Boards semiannual monetary policy report to the Congress,Chairman Alan Greenspan
2001-02-28,Federal Reserve Boards semiannual monetary policy report to the Congress,Chairman Alan Greenspan
2001-03-02,Current fiscal issues,Chairman Alan Greenspan
2001-03-13,Payment of interest on reserves,Governor Laurence H. Meyer
2001-04-04,Trade policy,Chairman Alan Greenspan
2001-04-04,Merchant banking,Governor Laurence H. Meyer
2001-05-02,Real estate brokerage activities,Governor Laurence H. Meyer
2001-05-17,Small business access to capital,"Vice Chairman Roger W. Ferguson, Jr."
2001-06-13,Statement on his renomination to the Board,"Vice Chairman Roger W. Ferguson, Jr."
2001-06-20,Condition of the U.S. banking system,Chairman Alan Greenspan
2001-07-12,The Consumer Rental Purchase Agreement Act,"Dolores S. Smith, Director, Division of Consumer and Community Affairs"
2001-07-18,Federal Reserve Boards semiannual monetary policy report to the Congress,Chairman Alan Greenspan
2001-07-26,Federal deposit insurance reform,Governor Laurence H. Meyer
2001-08-02,The securities activities of banks,Governor Laurence H. Meyer
2001-09-20,The condition of the financial markets,Chairman Alan Greenspan
2001-10-17,Monetary policy and economic outlook,Chairman Alan Greenspan
2001-11-01,How is the credit card industry treating its customers?,"Dolores S. Smith, Director, Division of Consumer and Community Affairs"
2002-01-24,The state of the economy,Chairman Alan Greenspan
2002-01-29,Antiterrorism initiatives,"Richard Spillenkothen, Director, Division of Banking Supervision and Regulation"
2002-02-05,Financial literacy,Chairman Alan Greenspan
2002-02-27,Federal Reserve Boards semiannual monetary policy report to the Congress,Chairman Alan Greenspan
2002-03-07,Federal Reserve Boards semiannual monetary policy report to the Congress,Chairman Alan Greenspan
2002-03-14,The Financial Services Regulatory Relief Act of 2002,Governor Mark W. Olson
2002-04-17,Monetary policy and the economic outlook,Chairman Alan Greenspan
2002-04-23,Federal deposit insurance reform,Chairman Alan Greenspan
2002-04-24,Recent economic developments and the availability of credit to small businesses,"Vice Chairman Roger W. Ferguson, Jr."
2002-05-17,The golden dollar coin,"Louise L. Roseman, Director, Division of Reserve Bank Operations and Payment Systems"
2002-05-22,The European Union's Financial Services Action Plan,Governor Mark W. Olson
2002-07-16,Federal Reserve Boards semiannual monetary policy report to the Congress,Chairman Alan Greenspan
2002-09-12,Current fiscal issues,Chairman Alan Greenspan
2002-09-25,The proposed Check Clearing for the 21st Century Act,"Vice Chairman Roger W. Ferguson, Jr."
2002-11-13,The economic outlook,Chairman Alan Greenspan
2002-12-11,Oversight of investment banks' response to the lessons of Enron,"Richard Spillenkothen, Director, Division of Banking Supervision and Regulation"
2003-02-11,Federal Reserve Boards semiannual monetary policy report to the Congress,Chairman Alan Greenspan
2003-02-26,Deposit insurance,Chairman Alan Greenspan
2003-02-27,Basel II,"Vice Chairman Roger W. Ferguson, Jr."
2003-02-27,Aging global population,Chairman Alan Greenspan
2003-03-05,"Business Checking Freedom Act of 2003, H.R. 758 and H.R. 859",Governor Donald L. Kohn
2003-03-27,Financial Services Regulatory Relief Act of 2003,Governor Mark W. Olson
2003-04-03,Check Truncation Act,"Vice Chairman Roger W. Ferguson, Jr."
2003-04-08,Check clearing for the Twenty-first Century Act,"Vice Chairman Roger W. Ferguson, Jr."
2003-04-30,Follow-up to the semiannual monetary policy report to the Congress,Chairman Alan Greenspan
2003-05-21,The economic outlook,Chairman Alan Greenspan
2003-06-04,Fair Credit Reporting Act,"Dolores S. Smith, Director, Division of Consumer and Community Affairs"
2003-06-10,Natural gas and supply issues,Chairman Alan Greenspan
2003-06-18,Basel II,"Vice Chairman Roger W. Ferguson, Jr."
2003-06-19,Basel II and H.R. 2043,"Vice Chairman Roger W. Ferguson, Jr."
2003-07-10,Natural gas supply,Chairman Alan Greenspan
2003-07-15,Federal Reserve Boards semiannual monetary policy report to the Congress,Chairman Alan Greenspan
2003-07-29,National credit reporting system,"Dolores S. Smith, Director, Division of Consumer and Community Affairs"
2003-10-14,Statement on his renomination to the Board,Governor Ben S. Bernanke
2003-10-14,Statement on his renomination as Vice Chairman of the Board,"Vice Chairman Roger W. Ferguson, Jr."
2003-10-20,Power outages and the financial system,Governor Mark W. Olson
2003-11-20,"Corporate governance, risk management, and internal controls","Richard Spillenkothen, Director, Division of Banking Supervision and Regulation"
2004-02-11,Federal Reserve Board's semiannual Monetary Policy Report to the Congress,Chairman Alan Greenspan
2004-02-24,Government-sponsored enterprises,Chairman Alan Greenspan
2004-02-25,Economic outlook and current fiscal issues,Chairman Alan Greenspan
2004-03-11,Education,Chairman Alan Greenspan
2004-04-20,The state of the banking industry,Chairman Alan Greenspan
2004-04-21,The economic outlook,Chairman Alan Greenspan
2004-04-28,Federal Reserve's activities in currency design and coin distribution,"Jeffrey Marquardt, Associate Director, Reserve Bank Operations and Payment Systems"
2004-05-13,U.S. - EU regulatory dialogue,Governor Susan Schmidt Bies
2004-05-20,Oversight of the Extended Custodial Inventory program,"Thomas C. Baxter, Jr., Executive Vice President and General Counsel, Federal Reserve Bank of New York"
2004-06-02,Risk management and regulatory failure at Riggs Bank and UBS,"Thomas C. Baxter, Jr., Executive Vice President and General Counsel, Federal Reserve Bank of New York"
2004-06-03,Bank Secrecy Act enforcement,Governor Susan Schmidt Bies
2004-06-15,Nomination hearing,Chairman Alan Greenspan
2004-06-22,Regulatory reform proposals,Governor Donald L. Kohn
2004-07-20,Federal Reserve Board's semiannual Monetary Policy Report to the Congress,Chairman Alan Greenspan
2004-09-08,Protecting the financial infrastructure,Governor Mark W. Olson
2004-09-08,Economic outlook,Chairman Alan Greenspan
2004-11-17,The Bank Secrecy Act and the USA Patriot Act,"Herbert A. Biern, Senior Associate Director, Division of Banking Supervision and Regulation"
2005-02-16,Federal Reserve Board's semiannual Monetary Policy Report to the Congress,Chairman Alan Greenspan
2005-03-02,Economic outlook and current fiscal issues,Chairman Alan Greenspan
2005-03-03,The tax system,Chairman Alan Greenspan
2005-03-15,Future of the Social Security program and economics of retirement,Chairman Alan Greenspan
2005-04-06,Regulatory reform of the government-sponsored enterprises,Chairman Alan Greenspan
2005-04-20,Recent developments in the payments system,"Louise L. Roseman, Director, Division of Reserve Bank Operations and Payment Systems"
2005-04-21,Budget process reforms,Chairman Alan Greenspan
2005-05-11,The Basel II Accord and H.R. 1226,Governor Susan Schmidt Bies
2005-05-17,Regulation Z (Truth in Lending Act),Governor Edward M. Gramlich
2005-06-09,Regulatory relief,Governor Donald L. Kohn
2005-06-09,The economic outlook,Chairman Alan Greenspan
2005-06-21,Regulatory relief,Governor Mark Olson
2005-06-23,China,Chairman Alan Greenspan
2005-07-20,Federal Reserve Board's semiannual Monetary Policy Report to the Congress,Chairman Alan Greenspan
2005-09-08,Commodity Futures Modernization Act of 2000,"Patrick Parkinson, Deputy Director, Division of Research and Statistics"
2005-09-22,Regulatory relief,Governor Mark Olson
2005-11-03,Economic Outlook,Chairman Alan Greenspan
2005-11-10,Basel II implementation and revisions to Basel I,Governor Susan Schmidt Bies
2005-11-15,Nomination hearing,Ben S. Bernanke
2006-02-15,Semiannual Monetary Policy Report to the Congress,Chairman Ben S. Bernanke
2006-03-01,Regulatory relief,Governor Donald L. Kohn
2006-04-27,Outlook of the U.S.  economy,Chairman Ben S. Bernanke
2006-05-16,The Role of Hedge Funds in the Capital Market,"Patrick M. Parkinson, Deputy Director, Division of Research and Statistics"
2006-05-23,Financial literacy,Chairman Ben S. Bernanke
2006-06-08,Nomination as Vice Chairman to the Board,Governor Donald L. Kohn
2006-06-13,Home Mortgage Disclosure Act,Governor Mark W. Olson
2006-07-12,Industrial loan companies,"Scott G. Alvarez, General Counsel"
2006-07-19,Coin and currency issues,"Louise L. Roseman, Director, Division of Reserve Bank Operations and Payment Systems"
2006-07-19,Semiannual Monetary Policy Report to the Congress,Chairman Ben S. Bernanke
2006-09-14,Basel II and commercial real estate,Governor Susan Schmidt Bies
2006-09-20,Non-traditional mortgage products,"Sandra F. Braunstein, Director, Division of Consumer and Community Affairs"
2006-09-26,Basel II,Governor Susan Schmidt Bies
2007-01-18,Long-term fiscal challenges facing the United States,Chairman Ben S. Bernanke
2007-02-14,Semiannual Monetary Policy Report to the Congress,Chairman Ben S. Bernanke
2007-02-28,The aging workforce,Vice Chairman Donald L. Kohn
2007-02-28,Long-term fiscal challenges and the economy,Chairman Ben S. Bernanke
2007-03-22,Subprime mortgage market,"Roger T. Cole, Director, Division of Banking Supervision and Regulation"
2007-03-27,Subprime mortgages,"Sandra F. Braunstein, Director, Division of Consumer and Community Affairs"
2007-03-28,The economic outlook,Chairman Ben S. Bernanke
2007-04-25,Industrial loan companies,Vice Chairman Donald L. Kohn
2007-05-21,"Bank mergers, Community Reinvestment Act enforcement, subprime mortgage lending, and foreclosures","Sandra Braunstein, Director, Division of Consumer and Community Affairs"
2007-06-07,Credit card disclosures,Governor Frederic S. Mishkin
2007-06-13,The role of federal banking agencies in strengthening federal financial consumer protection,Governor Randall S. Kroszner
2007-06-19,Consumer credit reports,"Sandra F. Braunstein, Director, Division of Consumer and Community Affairs"
2007-07-11,Hedge funds,Governor Kevin Warsh
2007-07-18,Semiannual Monetary Policy Report to the Congress,Chairman Ben S. Bernanke
2007-07-25,Fair lending and the Home Mortgage Disclosure Act,"Sandra F. Braunstein, Director, Division of Consumer and Community Affairs"
2007-08-02,Renomination to the Board ,Governor Randall S. Kroszner
2007-09-20,Subprime mortgage lending and mitigating foreclosures,Chairman Ben S. Bernanke
2007-10-04,Industrial loan companies ,"Scott G. Alvarez, General Counsel"
2007-10-24,Legislative proposals on reforming mortgage practices,Governor Randall S. Kroszner
2007-10-24,The Community Reinvestment Act and fair lending examination processes,"Sandra F. Braunstein, Director, Division of Consumer and Community Affairs"
2007-10-30,Minority-owned banks,"Sandra F. Braunstein, Director, Division of Consumer and Community Affairs"
2007-11-07,Availability of credit to small businesses,Governor Frederic S. Mishkin
2007-11-08,The economic outlook,Chairman Ben S. Bernanke
2007-12-06,Loan modifications and foreclosure prevention ,Governor Randall S. Kroszner
2007-12-12,The Financial Consumer Hotline Act of 2007,"Sandra F. Braunstein, Director, Division of Consumer and Community Affairs"
2008-01-17,The economic outlook,Chairman Ben S. Bernanke
2008-02-13,The Community Reinvestment Act,"Sandra F. Braunstein, Director, Division of Consumer and Community Affairs"
2008-02-14,Bond insurance,"Patrick M. Parkinson, Deputy Director, Division of Research and Statistics"
2008-02-14,The economy and financial markets,Chairman Ben S. Bernanke
2008-02-27,Semiannual Monetary Policy Report to the Congress,Chairman Ben S. Bernanke
2008-03-04,Condition of the U.S. banking system,Vice Chairman Donald L. Kohn
2008-03-05,Sovereign wealth funds,"Scott G. Alvarez, General Counsel"
2008-04-02,The economic outlook,Chairman Ben S. Bernanke
2008-04-02,Internet gambling,"Louise L. Roseman, Director, Division of Reserve Bank Operations and Payment Systems"
2008-04-03,Developments in the financial markets,Chairman Ben S. Bernanke
2008-04-09,Federal Housing Administration Housing Stabilization and Homeownership Act,Governor Randall S. Kroszner
2008-04-15,Financial literacy,"Sandra F. Braunstein, Director, Division of Consumer and Community Affairs"
2008-04-16,Small business lending,Governor Frederic S. Mishkin
2008-04-17,Credit cards,"Sandra F. Braunstein, Director, Division of Consumer and Community Affairs"
2008-04-24,Sovereign wealth funds,"Scott G. Alvarez, General Counsel"
2008-06-05,Condition of the banking system,Vice Chairman Donald L. Kohn
2008-06-19,Risk management and its implications for systemic risk,Vice Chairman Donald L. Kohn
2008-07-09,Over-the-counter derivatives,"Patrick M. Parkinson, Deputy Director, Division of Research and Statistics"
2008-07-10,Regulatory restructuring,Chairman Ben S. Bernanke
2008-07-15,Semiannual Monetary Policy Report to the Congress,Chairman Ben S. Bernanke
2008-07-17,Equal Credit Opportunity Act,"Sandra F. Braunstein, Director, Division of Consumer and Community Affairs"
2008-09-23,U.S. financial markets,Chairman Ben S. Bernanke
2008-09-24,Economic outlook,Chairman Ben S. Bernanke
2008-10-20,Economic outlook and financial markets,Chairman Ben S. Bernanke
2008-10-23,Foreclosure prevention efforts and market stability,Governor Elizabeth A. Duke
2008-11-18,Troubled Asset Relief Program and the Federal Reserve's liquidity facilities,Chairman Ben S. Bernanke
2008-11-20,Effects of the financial crisis on small business,Governor Randall S. Kroszner
2008-11-20,Credit derivatives,"Patrick M. Parkinson, Deputy Director, Division of Research and Statistics"
2009-01-13,Troubled Asset Relief Program,Vice Chairman Donald L. Kohn
2009-02-10,Federal Reserve programs to strengthen credit markets and the economy,Chairman Ben S. Bernanke
2009-02-24,Semiannual Monetary Policy Report to the Congress,Chairman Ben S. Bernanke
2009-03-03,Current economic and financial conditions and the federal budget ,Chairman Ben S. Bernanke
2009-03-05,American International Group,Vice Chairman Donald L. Kohn
2009-03-11,Mortgage lending reform,"Sandra F. Braunstein, Director, Division of Consumer and Community Affairs"
2009-03-18,Risk management in the banking industry,"Roger T. Cole, Director, Division of Banking Supervision and Regulation"
2009-03-19,Modernizing bank supervision and regulation,Governor Daniel K. Tarullo
2009-03-19,Protections for users of credit cards and overdraft services,"Sandra F. Braunstein, Director, Division of Consumer and Community Affairs"
2009-03-20,Enforcement of financial consumer protection laws,Governor Elizabeth A. Duke
2009-03-24,American International Group,Chairman Ben S. Bernanke
2009-03-25,Credit availability and prudent lending standards,Governor Elizabeth A. Duke
2009-04-29,Financial literacy,"Sandra F. Braunstein, Director, Division of Consumer and Community Affairs"
2009-05-05,The economic outlook,Chairman Ben S. Bernanke
2009-05-20,Municipal finance,"David W. Wilcox, Deputy Director, Division of Research and Statistics"
2009-06-03,Current economic and financial conditions and the federal budget,Chairman Ben S. Bernanke
2009-06-11,Executive compensation,"Scott G. Alvarez, General Counsel"
2009-06-22,Over-the-counter derivatives,"Patricia White, Associate Director, Division of Research and Statistics"
2009-06-25,Acquisition of Merrill Lynch by Bank of America,Chairman Ben S. Bernanke
2009-07-09,Commercial real estate,"Jon D. Greenlee, Associate Director, Division of Banking Supervision and Regulation"
2009-07-09,Federal Reserve independence,Vice Chairman Donald L. Kohn
2009-07-16,Consumer protection,Governor Elizabeth A. Duke
2009-07-21,Semiannual Monetary Policy Report to the Congress,Chairman Ben S. Bernanke
2009-07-23,Regulatory restructuring,Governor Daniel K. Tarullo
2009-07-24,Regulatory restructuring,Chairman Ben S. Bernanke
2009-08-04,Bank supervision,Governor Daniel K. Tarullo
2009-09-25,Federal Reserve Transparency,"Scott G. Alvarez, General Counsel"
2009-09-30,International cooperation to modernize financial regulation,Governor Daniel K. Tarullo
2009-10-01,Regulatory reform,Chairman Ben S. Bernanke
2009-10-14,State of the banking industry,Governor Daniel K. Tarullo
2009-10-29,Regulatory reform,Governor Daniel K. Tarullo
2009-11-02,Residential and commercial real estate,"Jon D. Greenlee, Associate Director, Division of Banking"
2009-11-30,Small business lending,"Jon D. Greenlee, Associate Director, Division of Banking"
2009-12-03,Confirmation hearing,Chairman Ben S. Bernanke
2010-01-27,Commercial Real Estate,"Jon D. Greenlee, Associate Director, Division of Banking"
2010-02-10,Federal Reserve's exit strategy,Chairman Ben S. Bernanke
2010-02-12,Equipping financial regulators with the tools necessary to monitor systemic risk,Governor Daniel K. Tarullo
2010-02-24,Semiannual Monetary Policy Report to the Congress,Chairman Ben S. Bernanke
2010-02-25,Incentive compensation,"Scott G. Alvarez, General Counsel"
2010-02-26,Small business lending,Governor Elizabeth A. Duke
2010-03-17,The Federal Reserve's role in bank supervision,Chairman Ben S. Bernanke
2010-03-18,Insurance holding company supervision,"Jon D. Greenlee, Associate Director, Division of Banking Supervision and Regulation"
2010-03-24,Credit scoring,"Sandra F. Braunstein, Director, Division of Consumer and Community Affairs"
2010-03-25,Federal Reserve's exit strategy,Chairman Ben S. Bernanke
2010-04-14,Economic outlook,Chairman Ben S. Bernanke
2010-04-20,Lessons from the failure of Lehman Brothers,Chairman Ben S. Bernanke
2010-05-20,International response to European debt problems,Governor Daniel K. Tarullo
2010-05-26,Government assistance to AIG,"Scott G. Alvarez, General Counsel"
2010-06-09,Economic and financial conditions and the federal budget,Chairman Ben S. Bernanke
2010-07-20,International cooperation and financial regulatory modernization,Governor Daniel K. Tarullo
2010-07-20,The state of U.S. coins and currency,"Louise L. Roseman, Director, Division of Reserve Bank Operations and Payment Systems"
2010-07-21,Semiannual Monetary Policy Report to the Congress,Chairman Ben S. Bernanke
2010-09-01,The Acquisition of Wachovia Corporation by Wells Fargo & Company,"Scott G. Alvarez, General Counsel"
2010-09-02,Causes of the Recent Financial and Economic Crisis,Chairman Ben S. Bernanke
2010-09-24,Incentive Compensation,"Scott G. Alvarez, General Counsel"
2010-09-30,Regulatory Reform Implementation,Chairman Ben S. Bernanke
2010-11-18,Foreclosure documentation issues,Governor Elizabeth A. Duke
2010-12-01,Problems in mortgage servicing,Governor Daniel K. Tarullo
2011-01-07,The Economic Outlook and Monetary and Fiscal Policy,Chairman Ben S. Bernanke
2011-02-04,Commercial Real Estate,"Patrick M. Parkinson, Director, Division of Banking Supervision and Regulation"
2011-02-09,The Economic Outlook and Monetary and Fiscal Policy,Chairman Ben S. Bernanke
2011-02-15,"Assessing the regulatory, economic, and market implications of the Dodd-Frank derivatives title",Governor Daniel K. Tarullo
2011-02-17,Interchange fees,Governor Sarah Bloom Raskin
2011-02-17,Implementation of the Dodd-Frank Act,Chairman Ben S. Bernanke
2011-03-01,Semiannual Monetary Policy Report to the Congress,Chairman Ben S. Bernanke
2011-03-04,Term Asset-Backed Securities Loan Facility,"William R. Nelson, Deputy Director, Division of Monetary Affairs"
2011-04-06,Community banking,"Maryann F. Hunter, Deputy Director, Division of Banking Supervision and Regulation"
2011-04-12,Derivatives regulation,Governor Daniel K. Tarullo
2011-04-14,Financial Stability Oversight Council,"J. Nellie Liang, Director, Office of Financial Stability Policy and Research"
2011-04-14,Risk retention,"Scott G. Alvarez, General Counsel"
2011-04-20,Statement by Chairman Bernanke on financial literacy,Chairman Ben S. Bernanke
2011-05-12,Dodd-Frank Implementation: Monitoring Systemic Risk and Promoting Financial Stability,Chairman Ben S. Bernanke
2011-06-01,Federal Reserve Lending Disclosures,"Scott G. Alvarez, General Counsel, and Thomas C. Baxter Jr., General Counsel, Federal Reserve Bank of New York"
2011-06-15,Banking supervision,"Michael R. Foley, Senior Associate Director, Division of Banking Supervision and Regulation"
2011-06-15,Implementation of Title VII of the Dodd-Frank Act,"Michael R. Foley, Senior Associate Director, Division of Banking Supervision and Regulation"
2011-06-16,Capital and liquidity standards,Governor Daniel K. Tarullo
2011-07-07,On mortgage servicing,Statement for the Record
2011-07-13,Mortgage origination,"Sandra F. Braunstein, Director, Division of Consumer and Community Affairs"
2011-07-13,Semiannual Monetary Policy Report to the Congress,Chairman Ben S. Bernanke
2011-07-21,Dodd-Frank Act,Chiarman Ben S. Bernanke
2011-07-27,Credit Ratings Agencies,"Mark E. Van Der Weide, Senior Associate Director, Division of Banking Supervision and Regulation"
2011-08-16,Banking Supervision and Regulation,"Kevin M. Bertsch, Associate Director, Division of Banking Supervision and Regulation"
2011-10-04,Economic Outlook and Recent Monetary Policy Actions,Chairman Ben S. Bernanke
2011-12-06,Dodd-Frank Act Implementation,Governor Daniel K. Tarullo
2011-12-13,Statement on the foreclosure review process ,"Scott G. Alvarez, General Counsel"
2011-12-16,The Economic Situation in Europe,"Steven B. Kamin, Director, Division of International Finance"
2012-01-18,The Volcker Rule,Governor Daniel K. Tarullo
2012-02-01,Banking Supervision,"Kevin M. Bertsch, Associate Director, Division of Banking Supervision and Regulation"
2012-02-02,The Economic Outlook and the Federal Budget Situation,Chairman Ben S. Bernanke
2012-02-16,The European Financial Situation,"Steven B. Kamin, Director, Division of International Finance"
2012-02-28,The Housing Market,Governor Elizabeth A. Duke
2012-02-29,Semiannual Monetary Policy Report to the Congress,Chairman Ben S. Bernanke
2012-03-19,Foreclosures and the Housing Market,"Suzanne G. Killian, Senior Associate Director, Division of Consumer and Community Affairs"
2012-03-21,The European Economic and Financial Situation,Chairman Ben S. Bernanke
2012-03-22,Regulatory Reform,Governor Daniel K. Tarullo
2012-03-27,The European Economic and Financial Situation,"Steven B. Kamin, Director, Division of International Finance"
2012-03-29,Mobile Payments,"Sandra F. Braunstein, Director, Division of Consumer and Community Affairs"
2012-05-16,Systemically important financial institutions and the Dodd-Frank Act,"Michael S. Gibson, Director, Division of Banking Supervision and Regulation"
2012-05-17,Settlement practices,"Scott G. Alvarez, General Counsel"
2012-06-06,Dodd-Frank Act Implementation,Governor Daniel K. Tarullo
2012-06-07,Economic Outlook and Policy,Chairman Ben S. Bernanke
2012-06-19,Bank supervision and risk management,"Scott G. Alvarez, General Counsel"
2012-06-29,Mobile payments,"Stephanie Martin, Associate General Counsel"
2012-07-17,Semiannual Monetary Policy Report to the Congress,Chairman Ben S. Bernanke
2012-08-02,Tri-party Repo Market,"Matthew J. Eichner, Deputy Director, Division of Research and Statistics"
2012-11-14,Basel III,"Michael S. Gibson, Director, Division of Banking Supervision and Regulation"
2013-02-14,Dodd-Frank Act,Governor Daniel K. Tarullo
2013-02-26,Semiannual Monetary Policy Report to the Congress,Chairman Ben S. Bernanke
2013-03-07,Anti-Money Laundering and the Bank Secrecy Act,Governor Jerome H. Powell
2013-04-11,Independent Consultants,"Richard M. Ashton, Deputy General Counsel"
2013-04-16,Too Big to Fail,"Scott G. Alvarez, General Counsel"
2013-05-15,Cross-Border Resolution,"Michael S. Gibson, Director, Division of Banking Supervision and Regulation"
2013-05-22,The Economic Outlook,Chairman Ben S. Bernanke
2013-06-25,Private student loans ,"Todd Vermilyea, Senior Associate Director, Division of Banking Supervision and Regulation"
2013-07-11,Dodd-Frank Implementation,Governor Daniel K. Tarullo
2013-07-17,Semiannual Monetary Policy Report to the Congress,Chairman Ben S. Bernanke
2013-11-14,Confirmation hearing,Chair Janet L. Yellen
2014-01-15,Physical Commodities,"Michael S. Gibson, Director, Division of Banking Supervision and Regulation"
2014-02-05,Volcker Rule,Governor Daniel K. Tarullo
2014-02-06,Dodd-Frank Implementation,Governor Daniel K. Tarullo
2014-02-11,Semiannual Monetary Policy Report to the Congress,Chair Janet L. Yellen
2014-03-13,Nomination hearing,Governor Jerome H. Powell
2014-04-08,Regulatory Rulemakings,"Scott G. Alvarez, General Counsel"
2014-05-07,The Economic Outlook,Chair Janet L. Yellen
2014-06-11,Statement for the Record on currency developments and management of coin distribution,"Louise L. Roseman, Director, Division of Reserve Bank Operations and Payment Systems"
2014-07-15,Semiannual Monetary Policy Report to the Congress,Chair Janet L. Yellen
2014-07-15,Department of Justice's Operation Choke Point,"Scott G. Alvarez, General Counsel"
2014-09-09,Dodd-Frank Implementation,Governor Daniel K. Tarullo
2014-09-16,Community Banking,"Maryann Hunter, Deputy Director, Division of Banking Supervision and Regulation"
2014-11-18,International Insurance Regulation,"Thomas Sullivan, Senior Adviser, Division of Banking Supervision and Regulation"
2014-11-21,Physical Commodities,Governor Daniel K. Tarullo
2015-02-10,Community Banks,"Maryann F. Hunter, Deputy Director, Division of Banking Supervision and Regulation"
2015-02-24,Semiannual Monetary Policy Report to the Congress,Chair Janet L. Yellen
2015-03-19,Application of Enhanced Prudential Standards to Bank Holding Companies,Governor Daniel K. Tarullo
2015-04-23,Community Bank Regulations,"Maryann F. Hunter, Deputy Director, Division of Banking Supervision and Regulation"
2015-04-28,Insurance Regulation,"Mark E. Van Der Weide, Deputy Director, Division of Banking Supervision and Regulation"
2015-07-15,Semiannual Monetary Policy Report to the Congress,Chair Janet L. Yellen
2015-09-29,Insurance Regulation,"Thomas Sullivan, Associate Director, Division of Banking Supervision and Regulation"
2015-11-04,Supervision and Regulation,Chair Janet L. Yellen
2015-12-03,Economic Outlook,Chair Janet L. Yellen
2016-02-10,Semiannual Monetary Policy Report to the Congress,Chair Janet L. Yellen
2016-04-14,Trends in Fixed-Income Markets,Governor Jerome H. Powell
2016-06-21,Semiannual Monetary Policy Report to the Congress,Chair Janet L. Yellen
2016-09-28,Supervision and Regulation,Chair Janet L. Yellen
2016-09-28,Insurance Regulation,"Thomas Sullivan, Associate Director, Division of Banking Supervision and Regulation"
2016-11-17,The Economic Outlook,Chair Janet L. Yellen
2017-02-14,Semiannual Monetary Policy Report to the Congress,Chair Janet L. Yellen
2017-06-22,Relationship Between Regulation and Economic Growth,Governor Jerome H. Powell
2017-07-12,Semiannual Monetary Policy Report to the Congress,Chair Janet L. Yellen
2017-11-28,Confirmation hearing,Governor Jerome H. Powell
2017-11-29,The Current Economic Outlook and Monetary Policy,Chair Janet L. Yellen
2018-02-27,Semiannual Monetary Policy Report to the Congress,Chairman Jerome H. Powell
2018-04-17,Semiannual Supervision and Regulation Testimony,Vice Chairman for Supervision Randal K. Quarles
2018-07-17,Semiannual Monetary Policy Report to the Congress,Chairman Jerome H. Powell
2018-10-02,"Implementation of the Economic Growth, Regulatory Relief, and Consumer Protection Act",Vice Chairman for Supervision Randal K. Quarles
2018-11-14,Supervision and Regulation Report,Vice Chairman for Supervision Randal K. Quarles
2019-02-26,Semiannual Monetary Policy Report to the Congress,Chairman Jerome H. Powell
2019-05-15,Supervision and Regulation Report,Vice Chair for Supervision Randal K. Quarles
2019-06-05,Confirmation hearing,Governor Michelle W. Bowman
2019-07-10,Semiannual Monetary Policy Report to the Congress,Chair Jerome H. Powell
2019-09-12,Insurance Regulation,"Thomas Sullivan, Associate Director, Division of Supervision and Regulation"
2019-09-25,Financial Stability,Governor Lael Brainard
2019-11-13,The Economic Outlook,Chair Jerome H. Powell
2019-11-20,Minority Depository Institutions,"Arthur Lindo, Deputy Director, Division of Supervision and Regulation"
2019-12-04,Supervision and Regulation Report,Vice Chair for Supervision Randal K. Quarles
2020-02-11,Semiannual Monetary Policy Report to the Congress,Chair Jerome H. Powell
2020-05-12,Supervision and Regulation Report,Vice Chair for Supervision Randal K. Quarles
2020-05-13,Supervision and Regulation,Vice Chair for Supervision Randal K. Quarles
2020-05-19,Coronavirus and CARES Act,Chair Jerome H. Powell
2020-06-16,Semiannual Monetary Policy Report to the Congress,Chair Jerome H. Powell
2020-06-30,Coronavirus and CARES Act,Chair Jerome H. Powell
2020-09-08,Diversity and Inclusion,"Testimony by Sheila Clark, Program Director, Office of Diversity and Inclusion"
2020-09-17,Municipal Liquidity Facility,"Kent Hiteshew, Deputy Associate Director, Division of Financial Stability"
2020-09-22,"Coronavirus Aid, Relief, and Economic Security Act",Chair Jerome H. Powell
2020-11-10,Supervision and Regulation Report,Vice Chair for Supervision Randal K. Quarles
2020-12-01,"Coronavirus Aid, Relief, and Economic Security Act",Chair Jerome H. Powell
2021-02-23,Semiannual Monetary Policy Report to the Congress,Chair Jerome H. Powell
2021-03-23,"Coronavirus Aid, Relief, and Economic Security Act",Chair Jerome H. Powell
2021-04-15,"The End of LIBOR: Transitioning to an Alternative Interest Rate Calculation for Mortgages, Student Loans, Business Borrowing, and Other Financial Products","Mark Van Der Weide, General Counsel"
2021-05-19,Supervision and Regulation,Vice Chair for Supervision Randal K. Quarles
2021-06-22,The Federal Reserve's Response to the Coronavirus Pandemic,Chair Jerome H. Powell
2021-07-14,Semiannual Monetary Policy Report to the Congress,Chair Jerome H. Powell
2021-09-28,Coronavirus and CARES Act,Chair Jerome H. Powell
2021-11-30,Coronavirus and CARES Act,Chair Jerome H. Powell
2022-01-11,Nomination hearing,Chair Jerome H. Powell
2022-01-13,Nomination hearing,Governor Lael Brainard
2022-03-02,Semiannual Monetary Policy Report to the Congress,Chair Pro Tempore Jerome H. Powell
2022-05-26,Digital Assets and the Future of Finance: Examining the Benefits and Risks of a U.S. Central Bank Digital Currency,Vice Chair Lael Brainard
